<?xml version="1.0" encoding="UTF-8" ?>
<!DOCTYPE mapper PUBLIC "-//mybatis.org//DTD Mapper 3.0//EN" "http://mybatis.org/dtd/mybatis-3-mapper.dtd">

<!--
        *第三步：创建SQL映射语句文件
Course类的sql语句文件CourseMapper.xml
resultMap标签：表字段与属性的映射。
Select标签：查询sql。
        * scl
        * 2015.7.28
-->

<!--
 1.resultType的值应该是返回类型的完全名或别名，当返回的结果是一个集合的时候，resultType应为集合中所包含的类型，而不是集合类型，如上面的Blog
 2.resultType和resultMap都是表示指定返回结果的，但两者不能同时使用
 3.对于Insert映射语句有一个useGeneratedKeys属性，该属性的默认值为false，当该属性的值为true时，
         在进行插入操作时，mybatis会取到当前正在插入的记录在数据库中的自动递增的主键值，并把它设置给指定的实体的属性，这就需要设置一个keyProperty属性，用于指定实体中表示主键的属性
 4.parameterType这个属性。MyBatis现在可以使用的parameterType有基本数据类型和JAVA复杂数据类型.
   基本数据类型：包含int,String,Date等。基本数据类型作为传参，只能传入一个。
   通过#{参数名} 即可获取传入的值复杂数据类型：包含JAVA实体类、Map。通过#{属性名}或 #{map的KeyName}即可获取传入的值

-->

<mapper namespace="com.netease.esp.ecos.course.dao.PraiseDao">

    <resultMap type="Praise" id="praiseResultMap"></resultMap>

	<insert id="insert" parameterType="praise" useGeneratedKeys="true" keyProperty="id">
		INSERT INTO `praise` (`id`,`userId`,`type`,`refId`,`time`) VALUES (#{id},#{userId},#{type},#{refId},NOW());
	</insert>

    <delete id="delete" parameterType="_long">
        DELETE FROM praise where id = #{id};
    </delete>

	<select id="query" parameterType="_long" resultMap="praiseResultMap">
		select * from praise where id=#{id};
	</select>

    <select id="selectPraiseCount"  resultType="_long">
        SELECT count(refId) from praise where `type` = #{type,jdbcType=INTEGER} AND `refId`=#{refId,jdbcType = INTEGER};
    </select>

    <select id="queryByContent" resultMap="praiseResultMap">
        SELECT * FROM praise WHERE `userId`= #{userId,jdbcType=INTEGER} AND `type` = #{type,jdbcType=INTEGER} AND `refId`=#{refId,jdbcType = INTEGER};
    </select>
</mapper>
