<?xml version="1.0" encoding="UTF-8" ?>
<!DOCTYPE mapper PUBLIC "-//mybatis.org//DTD Mapper 3.0//EN" "http://mybatis.org/dtd/mybatis-3-mapper.dtd">
<mapper namespace="com.netease.esp.ecos.user.dao.FollowDAO">
    
	<insert id="insert" parameterType="Follow" useGeneratedKeys="true" keyProperty="id">
		INSERT INTO `follow` (`fromUserId`, `toUserId`) 
		VALUES (#{fromUserId}, #{toUserId})	
	</insert>
	
	<delete id="delete" >
		delete from `follow` where `fromUserId`=#{fromUserId} AND `toUserId`=#{toUserId}
	</delete>
	
	<select id="queryExists" resultType="_boolean">
		select COUNT(*)
		from `follow` where `fromUserId`=#{fromUserId} AND `toUserId`=#{toUserId}
	</select>
	
	<select id="query" resultMap="followResultMap">
		select `id`, `fromUserId`, `toUserId`, `time`
		from `follow` where `fromUserId`=#{fromUserId} AND `toUserId`=#{toUserId}
	</select>
	
	<select id="queryFansNum" resultType="_int">
		select COUNT(*)
		from `follow` where `toUserId`=#{userId}
	</select>
	
	<select id="queryFollowOtherNum" resultType="_int">
		select COUNT(*)
		from `follow` where `fromUserId`=#{userId}
	</select>
	
	<select id="queryFansFollow" resultMap="followResultMap">
		select *
		from `follow` where `toUserId`=#{userId}
		ORDER BY time DESC
		limit #{size} OFFSET #{offset} 
	</select>
	
	<select id="queryFollowOther" resultMap="followResultMap">
		select *
		from `follow` where `fromUserId`=#{userId}
		ORDER BY time DESC
		limit #{size} OFFSET #{offset} 
	</select>
	
	<resultMap type="Follow" id="followResultMap"></resultMap>
</mapper>