<?xml version="1.0" encoding="UTF-8" ?>
<!DOCTYPE mapper PUBLIC "-//mybatis.org//DTD Mapper 3.0//EN" "http://mybatis.org/dtd/mybatis-3-mapper.dtd">
<mapper namespace="com.netease.esp.ecos.user.dao.UserDAO">
    
	<insert id="insert" parameterType="User" useGeneratedKeys="true" keyProperty="id">
		INSERT INTO `user` (`phone`, `pwd`, `nickname`, `coverUrlId`, `avatarUrlId`, `characterSignature`, `gender`, `roles`, `cityCode`, `longitude`, `latitude`, `imId`, `imToken`) 
		VALUES (#{phone}, #{pwd}, #{nickname}, #{coverUrlId}, #{avatarUrlId}, #{characterSignature}, #{gender}, #{roles}, #{cityCode}, #{longitude}, #{latitude}, #{imId}, #{imToken});	
	</insert>
	
	<sql id="userInfo">
		`id`, `nickname`, `coverUrlId`, `avatarUrlId`, `characterSignature`,
   		`gender`, `roles`, `cityCode`, `longitude`, `latitude`, `imId`, `imToken`, `registerTime`
	</sql>
	
	<sql id="partUserInfo">
		`id`, `nickname`, `avatarUrlId`, `characterSignature`, `gender`, `roles`
	</sql>
	
	<sql id="userSecretInfo">
		`phone`, `pwd`
	</sql>
	
	<select id="query" parameterType="_long" resultMap="userResultMap">
		SELECT 
			<include refid="userInfo" />
		FROM `user` WHERE id=#{id}
	</select>
	
	<select id="queryByIds" resultMap="userResultMap">
		SELECT 
			<include refid="userInfo" />
		FROM `user` WHERE id IN <foreach collection="ids" item="id" separator="," open="(" close=")">#{id}</foreach>
	</select>
	
	<select id="queryPartInfoByIds" resultMap="userResultMap">
		SELECT 
			<include refid="userInfo" />
		FROM `user` WHERE id IN <foreach collection="ids" item="id" separator="," open="(" close=")">#{id}</foreach>
	</select>
	
	<select id="queryIsExistByPhone" resultType="_boolean">
		SELECT COUNT(*)
		FROM `user` WHERE `phone`=#{phone}
	</select>
	
	<select id="queryByPhoneAndPwd" resultMap="userResultMap">
		SELECT <include refid="userInfo" />
		FROM `user` WHERE `phone`=#{phone} AND `pwd`=#{pwd}
	</select>
	
	<update id="updatePwdById">
		UPDATE `user` SET `pwd`=#{newPwd}
		WHERE `id`=#{id} AND `pwd`=#{oldPwd}
	</update>
	
	<update id="updatePwdByPhone">
		UPDATE `user` SET `pwd`=#{pwd}
		WHERE `phone`=#{phone}
	</update>
	
	<update id="update">
		UPDATE `user`
		<set>
			<if test="nickname!=null">`nickname`=#{nickname},</if>
			<if test="coverUrlId!=null">`coverUrlId`=#{coverUrlId},</if>
			<if test="roles!=null">`roles`=#{roles},</if>
			<if test="avatarUrlId!=null">`avatarUrlId`=#{avatarUrlId},</if>
			<if test="characterSignature!=null">`characterSignature`=#{characterSignature},</if>
			<if test="gender!=null">`gender`=#{gender},</if>
			<if test="cityCode!=null">`cityCode`=#{cityCode},</if>
			<if test="longitude!=null">`longitude`=#{longitude},</if>
			<if test="latitude!=null">`latitude`=#{latitude},</if>
			<if test="imId!=null">`imId`=#{imId},</if>
			<if test="imToken!=null">`imToken`=#{imToken}</if>
   		</set>
		WHERE `id`=#{id}
	</update>
	
	<resultMap type="User" id="userResultMap"></resultMap>
</mapper>