<?xml version="1.0" encoding="UTF-8"?>
<beans xmlns="http://www.springframework.org/schema/beans"
	xmlns:p="http://www.springframework.org/schema/p" xmlns:xsi="http://www.w3.org/2001/XMLSchema-instance"
	xmlns:context="http://www.springframework.org/schema/context"
	xmlns:mvc="http://www.springframework.org/schema/mvc" xmlns:aop="http://www.springframework.org/schema/aop"
	xmlns:tx="http://www.springframework.org/schema/tx" xmlns:jdbc="http://www.springframework.org/schema/jdbc"
	xmlns:dubbo="http://code.alibabatech.com/schema/dubbo"
	xsi:schemaLocation="http://www.springframework.org/schema/mvc  
     http://www.springframework.org/schema/mvc/spring-mvc-3.2.xsd
     http://www.springframework.org/schema/context http://www.springframework.org/schema/context/spring-context-3.0.xsd  
     http://www.springframework.org/schema/beans http://www.springframework.org/schema/beans/spring-beans-3.0.xsd  
     http://www.springframework.org/schema/jdbc http://www.springframework.org/schema/jdbc/spring-jdbc-3.0.xsd  
     http://www.springframework.org/schema/tx http://www.springframework.org/schema/tx/spring-tx-3.0.xsd  
     http://www.springframework.org/schema/aop http://www.springframework.org/schema/aop/spring-aop-3.0.xsd
     http://code.alibabatech.com/schema/dubbo  
     http://code.alibabatech.com/schema/dubbo/dubbo.xsd
     ">

	<bean
		class="org.springframework.beans.factory.config.PropertyPlaceholderConfigurer">
		<property name="locations">
			<list>
				<value>classpath:url.properties</value>
			</list>
		</property>
	</bean>
	
	

	<!-- 开启注解配置 创建四个annotation的处理器对象 -->
	<context:annotation-config />

	<!-- Spring mvc -->
	<mvc:annotation-driven />
	<context:component-scan base-package="com.netease.esp.ecos.mainsite.controller" />
	<bean id="viewResolver"
		class="org.springframework.web.servlet.view.InternalResourceViewResolver">
		<property name="prefix" value="/WEB-INF/jsp/" />
		<property name="suffix" value=".jsp" />
	</bean>
	
	<mvc:interceptors>
		<mvc:interceptor>
			<mvc:mapping path="/m/user/*" />
			<bean class="com.netease.esp.ecos.mainsite.interceptor.AuthorizationInterceptor" />
		</mvc:interceptor>
	</mvc:interceptors>

	<!-- 完成请求和注解POJO的映射 -->
	<bean
		class="org.springframework.web.servlet.mvc.annotation.AnnotationMethodHandlerAdapter" />
	<!-- Spring mvc -->

</beans>