<?xml version="1.0" encoding="UTF-8" ?>
<!DOCTYPE mapper PUBLIC "-//mybatis.org//DTD Mapper 3.0//EN" "http://mybatis.org/dtd/mybatis-3-mapper.dtd">
<mapper namespace="com.netease.esp.ecos.activity.dao.ActivityDAO">
    
	<insert id="insert" parameterType="com.netease.esp.ecos.activity.model.Activity" useGeneratedKeys="true" keyProperty="id">
		INSERT INTO `activity` (`userId`, `title`, `description`, `logoUrlId`, `startTime`, `endTime`, `dayStartTime`, `dayEndTime`, 
		`fee`, `type`, `cityCode`, `provinceId`, `detailedAddress`, `qq`, `qqGroup`, `phone`, `weibo`) 
		VALUES (#{userId}, #{title}, #{description}, #{logoUrlId}, #{startTime}, #{endTime}, #{dayStartTime}, #{dayEndTime}, #{fee},
		#{type}, #{cityCode}, #{provinceId}, #{detailedAddress}, #{qq}, #{qqGroup}, #{phone}, #{weibo});	
	</insert>
	
	<sql id="activityInfo">
		`userId`, `id`, `title`, `description`, `logoUrlId`, `imgIds`, `startTime`, `endTime`, `dayStartTime`, `dayEndTime`, 
		`fee`, `type`, `cityCode`, `provinceId`, `detailedAddress`, `qq`, `qqGroup`, `phone`, `weibo`, `createTime`, `status`
	</sql>
	
	<select id="query" parameterType="_long" resultMap="activityResultMap">
		select 
			<include refid="activityInfo"></include>
		 from activity where id=#{id} and status=1;
	</select>
	
	<select id="queryList" parameterType="_long" resultMap="activityResultMap">
		select 
		<include refid="activityInfo"></include>
		 from activity  where status=1 order by endTime desc limit #{pages}, #{pageSize};
	</select>
	
	<select id="queryListByType" parameterType="_long" resultMap="activityResultMap">
		select 
		<include refid="activityInfo"></include>
		 from activity where type=#{typeId} and status=1 order by endTime desc limit #{pages}, #{pageSize};
	</select>
	
	<select id="queryListByProvince" parameterType="_long" resultMap="activityResultMap">
		select 
		<include refid="activityInfo"></include>
		 from activity where provinceId=#{provinceId} and status=1 order by endTime desc limit #{pages}, #{pageSize};
	</select>
	
	<select id="queryListByProvinceAndType" parameterType="_long" resultMap="activityResultMap">
		select 
		<include refid="activityInfo"></include>
		 from activity where provinceId=#{provinceId} and type=#{typeId} and status=1 order by endTime desc limit #{pages}, #{pageSize};
	</select>
	
	<select id="queryListByUserId" parameterType="_long" resultMap="activityResultMap">
		select
		<include refid="activityInfo"></include>
		from activity where userId=#{userId} and status=1 order by endTime desc limit #{pages}, #{pageSize};
	</select>
	
	<update id="delActivity" parameterType="_long">
		update signup
		set status=0
		where activityId=#{activityId} and userId=#{userId};
	</update>
	
	<select id="querySignUpUserIdListPages" parameterType="_long"  resultType="_long">
		select userId
		from signup
		where activityId=#{activityId} and status=1 order by time desc limit #{pages}, #{pageSize};
	</select>
	
	<select id="querySignUpUserIdList" parameterType="_long"  resultType="_long">
		select userId
		from signup
		where activityId=#{activityId} and status=1;
	</select>
	
	<insert id="insertSignUp" parameterType="_long" useGeneratedKeys="true">
		INSERT INTO signup (`userId`, `activityId`) VALUES (#{userId}, #{activityId});
	</insert>
	
	<select id="querySignUp" parameterType="_long" resultType="SignUp">
		select id, userId, activityId, time, status
		from signup
		where userId=#{userId} and activityId=#{activityId};
	</select>
	
	<update id="updateSignUp" parameterType="_long">
		update signup
		set status=#{status}
		where activityId=#{activityId} and userId=#{userId};
	</update>
	
	<resultMap type="Activity" id="activityResultMap">
	</resultMap>
	<resultMap type="SignUp" id="signUpResultMap">
	</resultMap>
</mapper>