<?xml version="1.0" encoding="UTF-8"?>
<!DOCTYPE mapper PUBLIC "-//mybatis.org//DTD Mapper 3.0//EN" "http://mybatis.org/dtd/mybatis-3-mapper.dtd">
<mapper namespace="com.netease.esp.ecos.activity.dao.CityDAO">
	<insert id="insert" parameterType="Activity" useGeneratedKeys="true" keyProperty="id">
		INSERT INTO `city` (`cityName`, `provinceId`) 
		VALUES (#{cityName}, #{provinceId});	
	</insert>
	<sql id="cityInfo">
		`id`, `cityName`, `provinceId`
	</sql>
	
	<select id="query" parameterType="_long" resultMap="cityResultMap">
		select 
			<include refid="cityInfo"></include>
		 from city where id=#{id};
	</select>
	
	<select id="queryCityList" resultMap="cityResultMap">
		select
			<include refid="cityInfo"></include>
		from city;
	</select>
	
	<resultMap type="City" id="cityResultMap">
	</resultMap>
</mapper>