<?xml version="1.0" encoding="UTF-8"?>
<!DOCTYPE mapper PUBLIC "-//mybatis.org//DTD Mapper 3.0//EN" "http://mybatis.org/dtd/mybatis-3-mapper.dtd">
<mapper namespace="com.netease.esp.ecos.activity.dao.PictureDAO">
	<insert id="insert" parameterType="com.netease.esp.ecos.activity.model.Picture" useGeneratedKeys="true" keyProperty="id">
		INSERT INTO picture (`url`) 
		VALUES (#{url});	
	</insert>


	<sql id="pictureInfo">
		`id`, `url`, `createTime`
	</sql>
	
	<select id="query" parameterType="_long" resultMap="pictureResultMap">
		select 
			<include refid="pictureInfo"></include>
		 from picture where id=#{id};
	</select>
	
	<resultMap type="Picture" id="pictureResultMap">
	</resultMap>
</mapper>