<?xml version="1.0" encoding="UTF-8"?>
<!DOCTYPE mapper PUBLIC "-//mybatis.org//DTD Mapper 3.0//EN" "http://mybatis.org/dtd/mybatis-3-mapper.dtd">
<mapper namespace="com.netease.esp.ecos.activity.dao.ProvinceDAO">
	<sql id="provinceInfo">
		`id`, `provinceName`
	</sql>
	
<!-- 	<select id="query" parameterType="_long" resultMap="provinceResultMap">
		select 
			<include refid="provinceInfo"></include>
		 from province where id=#{id};
	</select> -->
	
	<select id="queryProvinceList" resultMap="provinceResultMap">
		select
			<include refid="provinceInfo"></include>
		from province;
	</select>
	
	<resultMap type="Province" id="provinceResultMap">
	</resultMap>
</mapper>