<?xml version="1.0" encoding="UTF-8" ?>
<!DOCTYPE mapper PUBLIC "-//mybatis.org//DTD Mapper 3.0//EN" "http://mybatis.org/dtd/mybatis-3-mapper.dtd">
<mapper namespace="com.netease.esp.ecos.csr.dao.CommentDAO">
    
	<insert id="insert" parameterType="Comment" useGeneratedKeys="true" keyProperty="commentId" >
		INSERT INTO comment (commentType,commentTypeId,content,time,state,parentId,userId) 
		VALUES (#{commentType},#{commentTypeId},#{content},#{time},#{state},#{parentId},#{userId});	
	</insert>
	
	<select id="queryCommentList" parameterType="_long" resultMap="commentResultMap">
		select * from comment where commentId=#{commentId}
	</select>
	
	<select id="queryContentById" parameterType="_long" resultMap="commentResultMap">
		select * from comment where commentId=#{commentId}
	</select>
	
	<update id ="updateState" >
	    update comment set state=1 where commentId =#{commentId}
	</update>
	
	<select id="queryAvatarUrlId" parameterType="_long" resultType="long" >
		select avatarUrlId from user where id=#{userId}
	</select>
	
	<select id="queryAvatarUrlByPicId" parameterType="_long" resultType="string" >
		select url from picture where id=#{pictureId}
	</select>
	
	<select id="queryUserNameByUserId" parameterType="_long" resultType="string" >
		select nickname from user where id=#{userId}
	</select>
	
	<select id="queryContent" parameterType="_long" resultType="string">
		select content from comment where commentId=#{commentId}
	</select>
	
	<select id="queryParentId" parameterType="_long" resultType="long">
		select content from comment where commentId=#{parentId}
	</select>
	<!-- 统计作品评论数量 -->
	<select id="getCommentNum" resultType="long">
		select count(*) from comment where commentType=#{commentType} and commentTypeId=#{commentTypeId} and state=0
	</select>
	<!-- 返回满足条件的评论List -->
	<select id="queryAllComments" resultMap="commentResultMap">
		select * from comment where commentType=#{commentType} and commentTypeId=#{commentTypeId} and state=0 order by time desc limit #{offset},#{pageSize}  
	</select>
	<!-- 返回最老三条 -->
	<select id="queryOldThree" resultMap="commentResultMap">
		select * from comment where commentType=#{commentType} and commentTypeId=#{commentTypeId} and state=0 limit 3
	</select>
	<!-- 返回最新一条 -->
	<select id="queryNewOne" resultMap="commentResultMap">
		select * from comment where commentType=#{commentType} and commentTypeId=#{commentTypeId} and state=0 order by commentId desc limit 1
	</select>
	<resultMap type="Comment" id="commentResultMap"></resultMap>
</mapper>