<?xml version="1.0" encoding="UTF-8" ?>
<!DOCTYPE mapper PUBLIC "-//mybatis.org//DTD Mapper 3.0//EN" "http://mybatis.org/dtd/mybatis-3-mapper.dtd">
<mapper namespace="com.netease.esp.ecos.csr.dao.RecruitDAO">
    
	<insert id="createRecruit" parameterType="Recruit" useGeneratedKeys="true" keyProperty="recruitId" >
		INSERT INTO recruit (time,price,description,shareId,priceUnit,coverUrl,title,recruitType,userId,state) 
		VALUES (#{issueTimeStamp},#{price},#{description},#{shareId},#{priceUnit},#{coverUrl},#{title},#{recruitType},#{userId},#{state});	
	</insert>
	
	<select id="getRecruitDetail" parameterType="long" resultMap="RecruitDisResultMap">
		select * from recruit where recruitId=#{recruitId}
	</select>
	
	<select id="getImIdByUser" parameterType="long"  resultType="string">
		select imId from user where id=#{userId}
	</select>
	
	<select id="getUserByRecruitId" parameterType="long"  resultType="long">
		select userId from recruit where recruitId=#{recruitId}
	</select>
	
	<select id="getGenderByUser" parameterType="long"  resultType="long">
		select gender from user where id=#{userId}
	</select>
	
	<select id="getCityCodeByUser" parameterType="long" resultType="int">
		select cityCode from user where id=#{userId}
	</select>
	
	<select id="getNicknameByUser" parameterType="long" resultType="string">
		select nickname from user where id=#{userId}
	</select>
	
	<select id="getMyself"   resultMap="RecruitDisResultMap">
		select * from recruit where userId=#{userId} order by time desc
	</select>
	
	<!-- 还缺少一个根据城市code筛选 -->
	<select id="getRightMan"  resultMap="RecruitDisResultMap">
		select * from recruit where recruitType=#{recruitType} order by time desc
	</select>
	
	<select id="getUserGeo" resultMap="UserGeoResultMap">
		select longitude,latitude from user where id=#{userId}
	</select>
	
	<select id="getPraisedByUserId" parameterType="long" resultType="long">
		select count(*) from praise where userId=#{userId}
	</select>
	<resultMap type="Recruit" id="recruitResultMap"></resultMap>
	<resultMap type="UserGeo" id="UserGeoResultMap"></resultMap>
	<resultMap type="RecruitDis" id="RecruitDisResultMap"></resultMap>
</mapper>