<?xml version="1.0" encoding="UTF-8" ?>
<!DOCTYPE mapper PUBLIC "-//mybatis.org//DTD Mapper 3.0//EN" "http://mybatis.org/dtd/mybatis-3-mapper.dtd">
<mapper namespace="com.netease.esp.ecos.csr.dao.ShareDAO">
    
	<insert id="insert" parameterType="share" useGeneratedKeys="true" keyProperty="shareId" >
		INSERT INTO share (userId,coverUrl,time,title,content,imgIds,totalImages,state,type) 
		VALUES (#{userId},#{coverUrl},#{time},#{title},#{content},#{imgIds},#{totalImages},#{state},#{type});	
	</insert>
	<select id="getShareById" parameterType="long" resultMap="shareResultMap">
		select * from share where shareId=#{shareId}
	</select>
	<!-- 查找是否点赞 -->
	<select id="hasPraised" resultType="boolean">
		select count(*) from praise where userId=#{userId} and type=#{type} and refId=#{refId}
	</select>
	<!-- 查找是否关注 -->
	<select id="hasFollowed" resultType="boolean">
		select count(*) from follow where fromUserId=#{fromUserId} and toUserId=#{toUserId} 
	</select>
	<!-- 统计作品点赞数量 -->
	<select id="getPraisedNum" resultType="long">
		select count(*) from praise where type=#{type} and refId=#{refId}
	</select>
	<!-- 删除作品 -->
	<update id ="delShare"  >
	    update share set state=1 where shareId =#{shareId}
	</update>
	<!-- 查找列表list -->
	
	<!-- 根据userId查找share 返回列表 -->
	<select id="getShareFollowAll"  resultMap="shareResultMap">
		select * from share where userId=#{userId} and state=0 order by time desc limit #{offset},#{pageSize} 
	</select>
	
	<!-- 查找myself -->
	<select id="getShareByUserId"  resultMap="shareResultMap">
		select * from share where userId=#{userId} and state=0 order by time desc limit #{offset},#{pageSize} 
	</select>
	
	<!-- 查找follow谁 -->
	<select id="getFollowByUserId" parameterType="long" resultType="long">
		select toUserId from follow where fromuserId=#{userId} 
	</select>
	
	<!-- 查找Transparent share -->
	<select id="getShareByTransparent" resultMap="shareResultMap">
		select * from share  group by userId having count(userId)=1 and state=0 order by time desc limit #{offset},#{pageSize} 
	</select>
	
	<!-- 查找all share -->
	<select id="getShareList" resultMap="shareResultMap">
		select * from share where state=0  order by time desc limit #{offset},#{pageSize} 
	</select>
	
	<!-- 关键字找 shere -->
	<select id="getShareByWordKey" resultMap="shareResultMap">
		select * from share where title like #{keyWord} and state=0 order by time desc limit #{offset},#{pageSize} 
	</select>
	
	<resultMap type="Share" id="shareResultMap"></resultMap>
</mapper>