<?xml version="1.0" encoding="UTF-8"?>
<beans xmlns="http://www.springframework.org/schema/beans"
	xmlns:p="http://www.springframework.org/schema/p" xmlns:xsi="http://www.w3.org/2001/XMLSchema-instance"
	xmlns:context="http://www.springframework.org/schema/context"
	xmlns:mvc="http://www.springframework.org/schema/mvc" xmlns:aop="http://www.springframework.org/schema/aop"
	xmlns:tx="http://www.springframework.org/schema/tx" xmlns:jdbc="http://www.springframework.org/schema/jdbc"
	xmlns:dubbo="http://code.alibabatech.com/schema/dubbo"
	xsi:schemaLocation="http://www.springframework.org/schema/mvc  
     http://www.springframework.org/schema/mvc/spring-mvc-3.2.xsd
     http://www.springframework.org/schema/context http://www.springframework.org/schema/context/spring-context-3.0.xsd  
     http://www.springframework.org/schema/beans http://www.springframework.org/schema/beans/spring-beans-3.0.xsd  
     http://www.springframework.org/schema/jdbc http://www.springframework.org/schema/jdbc/spring-jdbc-3.0.xsd  
     http://www.springframework.org/schema/tx http://www.springframework.org/schema/tx/spring-tx-3.0.xsd  
     http://www.springframework.org/schema/aop http://www.springframework.org/schema/aop/spring-aop-3.0.xsd
     http://code.alibabatech.com/schema/dubbo
     http://code.alibabatech.com/schema/dubbo/dubbo.xsd">

	<bean
		class="org.springframework.beans.factory.config.PropertyPlaceholderConfigurer">
		<property name="locations">
			<list>
				<value>classpath:config/jdbc.properties</value>
				<value>classpath:url.properties</value>
			</list>
		</property>
	</bean>


	<bean id="dataSource" class="org.apache.commons.dbcp.BasicDataSource"
		destroy-method="close">
		<property name="driverClassName" value="${driver}" />
		<property name="url" value="${jdbc.url}"/>
		<property name="username" value="${jdbc.user}" />
		<property name="password" value="${jdbc.pwd}" />
		<property name="initialSize" value="${initialSize}" />		<!-- 初始化连接数量 -->
		<property name="maxActive" value="${maxActive}" />			<!-- 最大连接数量 -->
		<property name="maxIdle" value="${maxIdle}" />				<!-- 最大空闲连接数量 -->
		<property name="minIdle" value="${minIdle}" />				<!-- 最小空闲连接数量 -->
		<property name="defaultAutoCommit" value="false" />
	</bean>
	
	<!-- 开启注解配置 创建四个annotation的处理器对象 -->
	<context:annotation-config />
	<!-- 扫描service层 实例化每个注解了的Bean -->
	<context:component-scan base-package="com.netease.esp.ecos.csr.service.impl" />

	<!-- 事务管理器 -->
	<bean id="transactionManager"
		class="org.springframework.jdbc.datasource.DataSourceTransactionManager">
		<property name="dataSource" ref="dataSource" />
	</bean>

	<!-- 开启事务注解驱动 有这两个配置 即可以在service中利用Transaction注解配置事务了 -->
	<tx:annotation-driven transaction-manager="transactionManager" />

	<!-- 创建SqlSessionFactory -->
	<bean id="sqlSessionFactory" class="org.mybatis.spring.SqlSessionFactoryBean">
		<property name="dataSource" ref="dataSource" />
		<property name="configLocation" value="classpath:config/mybatis.xml" />
		<property name="mapperLocations" value="classpath:mapper/*.xml" />
	</bean>

	<bean id="commentDAO" class="org.mybatis.spring.mapper.MapperFactoryBean">
		<property name="sqlSessionFactory" ref="sqlSessionFactory" />
		<property name="mapperInterface" value="com.netease.esp.ecos.csr.dao.CommentDAO" />
	</bean>
	
	<bean id="shareDAO" class="org.mybatis.spring.mapper.MapperFactoryBean">
		<property name="sqlSessionFactory" ref="sqlSessionFactory" />
		<property name="mapperInterface" value="com.netease.esp.ecos.csr.dao.ShareDAO" />
	</bean>
	
	<bean id="recruitDAO" class="org.mybatis.spring.mapper.MapperFactoryBean">
		<property name="sqlSessionFactory" ref="sqlSessionFactory" />
		<property name="mapperInterface" value="com.netease.esp.ecos.csr.dao.RecruitDAO" />
	</bean>

</beans>