<?xml version="1.0" encoding="UTF-8" ?>
<!DOCTYPE configuration PUBLIC "-//mybatis.org//DTD Config 3.0//EN" "http://mybatis.org/dtd/mybatis-3-config.dtd">

<configuration>
    <typeAliases> 
        <typeAlias alias="User" type="com.netease.esp.ecos.user.model.User"/>
        <typeAlias alias="Picture" type="com.netease.esp.ecos.user.model.Picture"/>
        <typeAlias alias="Follow" type="com.netease.esp.ecos.user.model.Follow"/>
    </typeAliases> 

    <!--  
    <environments default="development">
        <environment id="development">
        <transactionManager type="JDBC"/>
            <dataSource type="POOLED">
            <property name="driver" value="com.mysql.jdbc.Driver"/>
            <property name="url" value="jdbc:mysql://127.0.0.1:3306/test" />
            <property name="username" value="root"/>
            <property name="password" value="password"/>
            </dataSource>
        </environment>
    </environments>
    
    <mappers>
        <mapper resource="mapper/UserMapper.xml"/>
    </mappers>-->
    
</configuration>