<?xml version="1.0" encoding="UTF-8" ?>
<!DOCTYPE configuration PUBLIC "-//mybatis.org//DTD Config 3.0//EN" "http://mybatis.org/dtd/mybatis-3-config.dtd">

<configuration>
    <!--
    Setting文件说明：
    properties：properties用于定义或导入属性，然后在后面的环境中使用
    settings:settings用于设置一些mybatis在运行时的行为方式，具体的设置信息可以查看mybatis的文档
    typeAliases:typeAliases是为系统中的Java类型指定一个较短的别名
    environments:MyBatis 可以配置多种环境。这会帮助你将 SQL 映射应用于多种数据库之中。
    -->

    <!--
       第四步：
       创建mybatis的mapper配置文件
       typeAliases标签：给类起一个别名。com.manager.data.model.StudentEntity类，可以使用StudentEntity代替。
       Mappers标签：加载MyBatis中实体类的SQL映射语句文件。
       scl
       2015.7.28
    -->

    <typeAliases>
        <typeAlias alias="Course" type="com.netease.esp.ecos.course.model.Course"/>
        <typeAlias alias="Banner" type="com.netease.esp.ecos.course.model.Banner"/>
        <typeAlias alias="Picture" type="com.netease.esp.ecos.course.model.Picture"/>
        <typeAlias alias="Assigment" type="com.netease.esp.ecos.course.model.Assigment"/>
        <typeAlias alias="Praise" type="com.netease.esp.ecos.course.model.Praise"/>
    </typeAliases> 

    <!--  
    <environments default="development">
        <environment id="development">
        <transactionManager type="JDBC"/>
            <dataSource type="POOLED">
            <property name="driver" value="com.mysql.jdbc.Driver"/>
            <property name="url" value="jdbc:mysql://127.0.0.1:3306/test" />
            <property name="username" value="root"/>
            <property name="password" value="password"/>
            </dataSource>
        </environment>
    </environments>
    
    <mappers>
        <mapper resource="mapper/CourseMapper.xml"/>
    </mappers>-->
    
</configuration>